Comment,Description,Designator,Footprint,LibRef,Quantity,MFR,MPN

"0.1uF","[NoValue], CAP, CER, CHIP","C1, C3, C4, C11, C12","0603","CAP 0805, CAP CER","5","Kemet","C0603C104K3RACTU"
"1000pF","","C2","0603","CAP 0805","1","Murata","GRM1885C1H102JA01D"
"4.7uF","MLCC, 16V, 1210, 4.7uF","C5","1210","CAP 0805","1","Walsin","1206B475K100CT"
"22uF","MLCC, 16V, 1206, 22uF","C6, C7","1206","CAP 0805","2","Taiyo-Yuden","EMK316BB7226ML-T"
"1.0uF","MLCC, 16V, 0805, 1uF","C8, C9, C10, C13","0805","CAP 0805","4","Taiyo Yuden","UMK212BJ105KG-T"
"10uF","","C14","1206","CAP 0805","1","",""
"0.33uF","CAP, CER, CHIP","C15","0603","CAP CER","1","Yageo","CC0603JRX7R8BB334"
"TVS, 8V","Tranzorb Diode","D1","DO219","TVS_UNI","1","Vishay","MSMP15A-M3/89A"
"RB168MM-40TFTR","Schottky Diode","D2","SOD123","DIODE SCHOTTKY","1","ON Semi","RB168MM-40TFTR"
"STATUS","LED, SMD","D3","0805-LED","LED","1","Kingbright","AP2012SGD3"
"PWR","LED, SMD","D4","0805-LED","LED","1","Kingbright","AP2012SRCPRV"
"5.2V","DIO, ZNR, 100mW, 5.2V, SOT-23","D5","SOT23-A","DIODE-ZENER-SOT23","1","Nexperia","BZX84-B5V1,215"
"600 ohm","","FB1, FB2, FB3, FB4, FB5, FB6, FB7, FB8, FB9, FB10, FB11, FB12, FB13, FB14, FB15, FB16, FB17","0603","INDUCTOR2","17","Murata","BLM31PG601SN1L"
"HM133","Connector, RJ-45, 42 mtg holes","J1","RJ-45_RJLSE41389101","CON_RJ-45_SMD2","1","Amphenol Com'cl Prod.","RJLSE4138101"
"RIG","Connector, RJ-45, 42 mtg holes","J2","RJ-45_RJLSE41389101","CON_RJ-45_SMD2","1","Amphenol Com'cl Prod.","RJLSE4138101"
"MCU_PGM","CON, 1.25mm, 6POS","P1","CON_1.25MM_6P","HEADER-6-PIN-RT-ANG","1","Molex","53398-0671 (V)"
"BSH103","TR, FET, NCH, 500mA, SOT-23","Q1, Q4, Q5","SOT23-A","MOSFET N SOT23","3","Fairchild Semi.","NDS355AN"
"MMBT2222A","TR, NPN, 300mA, SOT-23","Q2","SOT23-A","NPN1","1","Nexperia","MMBT2222A,215"
"FDN358","TR, P-CH, 500mA, SOT-23","Q6","SOT23-A","MOSFET P SOT23","1","Diodes Inc","DMP31D7L-7"
"1.00K","","R1, R2, R8","0402","R0805","3","Yageo","RC0402FR-071KL"
"2.00","","R3","0603","R0805","1","Yageo","RC0603FR-0782RL"
"20K","[NoValue], RES, CHP, 0402, 20K","R4, R5, R14, R25, R26","0402","R0805","5","Yageo","RC0402FR-0720KL"
"102K","","R6","0402","R0805","1","Yageo","RC0402FR-07102KL"
"820","","R7, R9, R28","0603","R0805","3","Yageo","RC0603FR-07820RL"
"2.20K","","R10","0402","R0805","1","Yageo","RC0402FR-072K2L"
"4.99K","","R11","0402","R0805","1","Yageo","RC0402FR-07L"
"470","","R12","0603","R0805","1","Yageo","RC0603FR-07470RL"
"6.13K","","R15","0402","R0805","1","Yageo","RC0402FR-076K13L"
"620","","R16, R31","0402","R0805","2","Yageo","RC0402FR-07620RL"
"10K","","R17","0402","R0805","1","Yageo","RC0402FR-0710KL"
"1K","","R18","POT_3362H","RESISTOR VAR","1","Bourns","3362H-1-102LF"
"1.8K","","R19","0402","R0805","1","Yageo","RC0402FR-071K8L"
"49.9K","","R20, R21, R22, R23","0402","R0805","4","Yageo","RC0402FR-0749K9L"
"49.9","","R27","0402","R0805","1","Yageo","RC0402FR-0749R9L"
"200K","","R29, R30","0402","R0805","2","Yageo","RC0402FR-07200KL"
"LM2937IMP-3.3/NOPB","LM2937ET-3.3","U1","SOT223","LM2937ES-3.3","1","TI","LM2937IMP-3.3/NOPB"
"C8051F530","IC, MCU, 8051, F531","U2","TSSOP-20","C8051F531","1","SiLabs","C8051F531-C-IT"
"74LVC1G3157","IC, Analog SW, SPDT","U3","SOT-23-6","74LVC1G3157","1","TI","SN74LVC1G3157DCKR"
"74AHC1G00+5V","IC,GATE,2IN,NAND,SNGL","U6","SOT-23-5","74AHC1G00+5V","1","TI","74AHCT1G00DBVRG4"
